transfer_id,player_name,player_page_url,player_image_url,player_position,player_age,player_value_in_euros,season,player_nationalities,old_club_name,old_league_name,new_club_name,new_league_name,transfer_fee_in_euros
1,Neymar,https://www.transfermarkt.co.uk/neymar/profil/spieler/68290,https://img.a.transfermarkt.technology/portrait/medium/68290-1697056482.png?lm=1,Left Winger,25,100000000,17/18,['Brazil'],FC Barcelona,LaLiga,Paris Saint-Germain,Ligue 1,222000000
2,Kylian Mbappé,https://www.transfermarkt.co.uk/kylian-mbappe/profil/spieler/342229,https://img.a.transfermarkt.technology/portrait/medium/342229-1682683695.jpg?lm=1,Centre-Forward,19,120000000,18/19,"['France', 'Cameroon']",AS Monaco,Ligue 1,Paris Saint-Germain,Ligue 1,180000000
3,Philippe Coutinho,https://www.transfermarkt.co.uk/philippe-coutinho/profil/spieler/80444,https://img.a.transfermarkt.technology/portrait/medium/80444-1640621762.jpg?lm=1,Attacking Midfield,25,90000000,17/18,"['Brazil', 'Portugal']",Liverpool FC,Premier League,FC Barcelona,LaLiga,135000000
4,Ousmane Dembélé,https://www.transfermarkt.co.uk/ousmane-dembele/profil/spieler/288230,https://img.a.transfermarkt.technology/portrait/medium/288230-1684148641.jpg?lm=1,Right Winger,20,33000000,17/18,['France'],Borussia Dortmund,Bundesliga,FC Barcelona,LaLiga,135000000
5,João Félix,https://www.transfermarkt.co.uk/joao-felix/profil/spieler/462250,https://img.a.transfermarkt.technology/portrait/medium/462250-1668165358.jpg?lm=1,Second Striker,19,70000000,19/20,['Portugal'],SL Benfica,Liga NOS,Atlético de Madrid,LaLiga,127200000
6,Enzo Fernández,https://www.transfermarkt.co.uk/enzo-fernandez/profil/spieler/648195,https://img.a.transfermarkt.technology/portrait/medium/648195-1669894717.jpg?lm=1,Central Midfield,22,55000000,22/23,['Argentina'],SL Benfica,Liga Portugal,Chelsea FC,Premier League,121000000
7,Eden Hazard,https://www.transfermarkt.co.uk/eden-hazard/profil/spieler/50202,https://img.a.transfermarkt.technology/portrait/medium/50202-1665067742.jpg?lm=1,Left Winger,28,150000000,19/20,['Belgium'],Chelsea FC,Premier League,Real Madrid,LaLiga,120800000
8,Antoine Griezmann,https://www.transfermarkt.co.uk/antoine-griezmann/profil/spieler/125781,https://img.a.transfermarkt.technology/portrait/medium/125781-1719928503.jpg?lm=1,Centre-Forward,28,130000000,19/20,['France'],Atlético de Madrid,LaLiga,FC Barcelona,LaLiga,120000000
9,Jack Grealish,https://www.transfermarkt.co.uk/jack-grealish/profil/spieler/203460,https://img.a.transfermarkt.technology/portrait/medium/203460-1676499047.jpg?lm=1,Left Winger,25,65000000,21/22,"['England', 'Ireland']",Aston Villa,Premier League,Manchester City,Premier League,117500000
10,Cristiano Ronaldo,https://www.transfermarkt.co.uk/cristiano-ronaldo/profil/spieler/8198,https://img.a.transfermarkt.technology/portrait/medium/8198-1694609670.jpg?lm=1,Centre-Forward,33,100000000,18/19,['Portugal'],Real Madrid,LaLiga,Juventus FC,Serie A,117000000
11,Declan Rice,https://www.transfermarkt.co.uk/declan-rice/profil/spieler/357662,https://img.a.transfermarkt.technology/portrait/medium/357662-1687962936.jpg?lm=1,Defensive Midfield,24,90000000,23/24,"['England', 'Ireland']",West Ham United,Premier League,Arsenal FC,Premier League,116600000
12,Moisés Caicedo,https://www.transfermarkt.co.uk/moises-caicedo/profil/spieler/687626,https://img.a.transfermarkt.technology/portrait/medium/687626-1660729724.jpg?lm=1,Defensive Midfield,21,75000000,23/24,['Ecuador'],Brighton & Hove Albion,Premier League,Chelsea FC,Premier League,116000000
13,Romelu Lukaku,https://www.transfermarkt.co.uk/romelu-lukaku/profil/spieler/96341,https://img.a.transfermarkt.technology/portrait/medium/96341-1661780981.jpg?lm=1,Centre-Forward,28,100000000,21/22,"['Belgium', 'DR Congo']",Inter Milan,Serie A,Chelsea FC,Premier League,113000000
14,Paul Pogba,https://www.transfermarkt.co.uk/paul-pogba/profil/spieler/122153,https://img.a.transfermarkt.technology/portrait/medium/122153-1582114937.jpg?lm=1,Central Midfield,23,70000000,16/17,"['France', 'Guinea']",Juventus FC,Serie A,Manchester United,Premier League,105000000
15,Jude Bellingham,https://www.transfermarkt.co.uk/jude-bellingham/profil/spieler/581678,https://img.a.transfermarkt.technology/portrait/medium/581678-1693987944.jpg?lm=1,Attacking Midfield,20,120000000,23/24,"['England', 'Ireland']",Borussia Dortmund,Bundesliga,Real Madrid,LaLiga,103000000
16,Gareth Bale,https://www.transfermarkt.co.uk/gareth-bale/profil/spieler/39381,https://img.a.transfermarkt.technology/portrait/medium/39381-1658665343.jpg?lm=1,Right Winger,24,65000000,13/14,['Wales'],Tottenham Hotspur,Premier League,Real Madrid,LaLiga,101000000
17,Harry Kane,https://www.transfermarkt.co.uk/harry-kane/profil/spieler/132098,https://img.a.transfermarkt.technology/portrait/medium/132098-1700211169.jpg?lm=1,Centre-Forward,30,90000000,23/24,['England'],Tottenham Hotspur,Premier League,Bayern Munich,Bundesliga,95000000
18,Randal Kolo Muani,https://www.transfermarkt.co.uk/randal-kolo-muani/profil/spieler/487969,https://img.a.transfermarkt.technology/portrait/medium/487969-1718697120.jpg?lm=1,Centre-Forward,24,80000000,23/24,"['France', 'DR Congo']",Eintracht Frankfurt,Bundesliga,Paris Saint-Germain,Ligue 1,95000000
19,Antony,https://www.transfermarkt.co.uk/antony/profil/spieler/602105,https://img.a.transfermarkt.technology/portrait/medium/602105-1680698738.jpg?lm=1,Right Winger,22,35000000,22/23,['Brazil'],Ajax Amsterdam,Eredivisie,Manchester United,Premier League,95000000
20,Cristiano Ronaldo,https://www.transfermarkt.co.uk/cristiano-ronaldo/profil/spieler/8198,https://img.a.transfermarkt.technology/portrait/medium/8198-1694609670.jpg?lm=1,Centre-Forward,24,60000000,09/10,['Portugal'],Manchester United,Premier League,Real Madrid,LaLiga,94000000
21,Josko Gvardiol,https://www.transfermarkt.co.uk/josko-gvardiol/profil/spieler/475959,https://img.a.transfermarkt.technology/portrait/medium/475959-1713391602.jpg?lm=1,Left-Back,21,75000000,23/24,['Croatia'],RB Leipzig,Bundesliga,Manchester City,Premier League,90000000
22,Neymar,https://www.transfermarkt.co.uk/neymar/profil/spieler/68290,https://img.a.transfermarkt.technology/portrait/medium/68290-1697056482.png?lm=1,Left Winger,31,60000000,23/24,['Brazil'],Paris Saint-Germain,Ligue 1,Al-Hilal SFC,Saudi Pro League,90000000
23,Gonzalo Higuaín,https://www.transfermarkt.co.uk/gonzalo-higuain/profil/spieler/39153,https://img.a.transfermarkt.technology/portrait/medium/39153-1595579337.jpg?lm=1,Centre-Forward,28,65000000,16/17,"['Argentina', 'France']",SSC Napoli,Serie A,Juventus FC,Serie A,90000000
24,Neymar,https://www.transfermarkt.co.uk/neymar/profil/spieler/68290,https://img.a.transfermarkt.technology/portrait/medium/68290-1697056482.png?lm=1,Left Winger,21,50000000,13/14,['Brazil'],Santos FC,Série A,FC Barcelona,LaLiga,88000000
25,Harry Maguire,https://www.transfermarkt.co.uk/harry-maguire/profil/spieler/177907,https://img.a.transfermarkt.technology/portrait/medium/177907-1663841733.jpg?lm=1,Centre-Back,26,50000000,19/20,['England'],Leicester City,Premier League,Manchester United,Premier League,87000000
26,Frenkie de Jong,https://www.transfermarkt.co.uk/frenkie-de-jong/profil/spieler/326330,https://img.a.transfermarkt.technology/portrait/medium/326330-1656499973.png?lm=1,Central Midfield,22,85000000,19/20,['Netherlands'],Ajax Amsterdam,Eredivisie,FC Barcelona,LaLiga,86000000
27,Matthijs de Ligt,https://www.transfermarkt.co.uk/matthijs-de-ligt/profil/spieler/326031,https://img.a.transfermarkt.technology/portrait/medium/326031-1700659567.jpg?lm=1,Centre-Back,19,75000000,19/20,['Netherlands'],Ajax Amsterdam,Eredivisie,Juventus FC,Serie A,85500000
28,Darwin Núñez,https://www.transfermarkt.co.uk/darwin-nunez/profil/spieler/546543,https://img.a.transfermarkt.technology/portrait/medium/546543-1681827179.jpg?lm=1,Centre-Forward,23,55000000,22/23,['Uruguay'],SL Benfica,Liga Portugal,Liverpool FC,Premier League,85000000
29,Jadon Sancho,https://www.transfermarkt.co.uk/jadon-sancho/profil/spieler/401173,https://img.a.transfermarkt.technology/portrait/medium/401173-1688564217.jpg?lm=1,Left Winger,21,100000000,21/22,"['England', 'Jamaica']",Borussia Dortmund,Bundesliga,Manchester United,Premier League,85000000
30,Romelu Lukaku,https://www.transfermarkt.co.uk/romelu-lukaku/profil/spieler/96341,https://img.a.transfermarkt.technology/portrait/medium/96341-1661780981.jpg?lm=1,Centre-Forward,24,50000000,17/18,"['Belgium', 'DR Congo']",Everton FC,Premier League,Manchester United,Premier League,84700000
31,Virgil van Dijk,https://www.transfermarkt.co.uk/virgil-van-dijk/profil/spieler/139208,https://img.a.transfermarkt.technology/portrait/medium/139208-1702049837.jpg?lm=1,Centre-Back,26,30000000,17/18,"['Netherlands', 'Suriname']",Southampton FC,Premier League,Liverpool FC,Premier League,84650000
32,Dušan Vlahović,https://www.transfermarkt.co.uk/dusan-vlahovic/profil/spieler/357498,https://img.a.transfermarkt.technology/portrait/medium/357498-1683293071.jpg?lm=1,Centre-Forward,22,70000000,21/22,['Serbia'],ACF Fiorentina,Serie A,Juventus FC,Serie A,83500000
33,Luis Suárez,https://www.transfermarkt.co.uk/luis-suarez/profil/spieler/44352,https://img.a.transfermarkt.technology/portrait/medium/44352-1710080919.jpg?lm=1,Centre-Forward,27,52000000,14/15,['Uruguay'],Liverpool FC,Premier League,FC Barcelona,LaLiga,81720000
34,Arthur Melo,https://www.transfermarkt.co.uk/arthur-melo/profil/spieler/362842,https://img.a.transfermarkt.technology/portrait/medium/362842-1692880101.jpg?lm=1,Defensive Midfield,24,56000000,20/21,['Brazil'],FC Barcelona,LaLiga,Juventus FC,Serie A,80600000
35,Wesley Fofana,https://www.transfermarkt.co.uk/wesley-fofana/profil/spieler/475411,https://img.a.transfermarkt.technology/portrait/medium/475411-1683899212.jpg?lm=1,Centre-Back,21,40000000,22/23,"['France', ""Cote d'Ivoire""]",Leicester City,Premier League,Chelsea FC,Premier League,80400000
36,Aurélien Tchouaméni,https://www.transfermarkt.co.uk/aurelien-tchouameni/profil/spieler/413112,https://img.a.transfermarkt.technology/portrait/medium/413112-1668500754.jpg?lm=1,Defensive Midfield,22,60000000,22/23,"['France', 'Cameroon']",AS Monaco,Ligue 1,Real Madrid,LaLiga,80000000
37,Kai Havertz,https://www.transfermarkt.co.uk/kai-havertz/profil/spieler/309400,https://img.a.transfermarkt.technology/portrait/medium/309400-1683903902.jpg?lm=1,Attacking Midfield,21,81000000,20/21,['Germany'],Bayer 04 Leverkusen,Bundesliga,Chelsea FC,Premier League,80000000
38,Lucas Hernández,https://www.transfermarkt.co.uk/lucas-hernandez/profil/spieler/281963,https://img.a.transfermarkt.technology/portrait/medium/281963-1667830435.jpg?lm=1,Left-Back,23,70000000,19/20,"['France', 'Spain']",Atlético de Madrid,LaLiga,Bayern Munich,Bundesliga,80000000
39,Nicolas Pépé,https://www.transfermarkt.co.uk/nicolas-pepe/profil/spieler/343052,https://img.a.transfermarkt.technology/portrait/medium/343052-1695671686.png?lm=1,Right Winger,24,65000000,19/20,"[""Cote d'Ivoire"", 'France']",LOSC Lille,Ligue 1,Arsenal FC,Premier League,80000000
40,Kepa Arrizabalaga,https://www.transfermarkt.co.uk/kepa-arrizabalaga/profil/spieler/192279,https://img.a.transfermarkt.technology/portrait/medium/192279-1661855851.jpg?lm=1,Goalkeeper,23,20000000,18/19,['Spain'],Athletic Bilbao,LaLiga,Chelsea FC,Premier League,80000000
41,Victor Osimhen,https://www.transfermarkt.co.uk/victor-osimhen/profil/spieler/401923,https://img.a.transfermarkt.technology/portrait/medium/401923-1661352899.jpg?lm=1,Centre-Forward,21,40000000,20/21,['Nigeria'],LOSC Lille,Ligue 1,SSC Napoli,Serie A,77500000
42,Zinédine Zidane,https://www.transfermarkt.co.uk/zinedine-zidane/profil/spieler/3111,https://img.a.transfermarkt.technology/portrait/medium/3111-1478769687.jpg?lm=1,Attacking Midfield,29,-,01/02,"['France', 'Algeria']",Juventus FC,Serie A,Real Madrid,LaLiga,77500000
43,Kevin De Bruyne,https://www.transfermarkt.co.uk/kevin-de-bruyne/profil/spieler/88755,https://img.a.transfermarkt.technology/portrait/medium/88755-1713391485.jpg?lm=1,Attacking Midfield,24,45000000,15/16,['Belgium'],VfL Wolfsburg,Bundesliga,Manchester City,Premier League,76000000
44,Julián Alvarez,https://www.transfermarkt.co.uk/julian-alvarez/profil/spieler/576024,https://img.a.transfermarkt.technology/portrait/medium/576024-1684920938.jpg?lm=1,Centre-Forward,24,90000000,24/25,"['Argentina', 'Italy']",Manchester City,Premier League,Atlético de Madrid,LaLiga,75000000
45,Kai Havertz,https://www.transfermarkt.co.uk/kai-havertz/profil/spieler/309400,https://img.a.transfermarkt.technology/portrait/medium/309400-1683903902.jpg?lm=1,Attacking Midfield,24,55000000,23/24,['Germany'],Chelsea FC,Premier League,Arsenal FC,Premier League,75000000
46,James Rodríguez,https://www.transfermarkt.co.uk/james-rodriguez/profil/spieler/88103,https://img.a.transfermarkt.technology/portrait/medium/88103-1720681352.jpg?lm=1,Attacking Midfield,23,60000000,14/15,"['Colombia', 'Spain']",AS Monaco,Ligue 1,Real Madrid,LaLiga,75000000
47,Ángel Di María,https://www.transfermarkt.co.uk/angel-di-maria/profil/spieler/45320,https://img.a.transfermarkt.technology/portrait/medium/45320-1700648952.jpg?lm=1,Right Winger,26,50000000,14/15,"['Argentina', 'Italy']",Real Madrid,LaLiga,Manchester United,Premier League,75000000
48,Romelu Lukaku,https://www.transfermarkt.co.uk/romelu-lukaku/profil/spieler/96341,https://img.a.transfermarkt.technology/portrait/medium/96341-1661780981.jpg?lm=1,Centre-Forward,26,75000000,19/20,"['Belgium', 'DR Congo']",Manchester United,Premier League,Inter Milan,Serie A,74000000
49,Rasmus Højlund,https://www.transfermarkt.co.uk/rasmus-hojlund/profil/spieler/610442,https://img.a.transfermarkt.technology/portrait/medium/610442-1699471458.jpg?lm=1,Centre-Forward,20,45000000,23/24,['Denmark'],Atalanta BC,Serie A,Manchester United,Premier League,73900000
50,Thomas Lemar,https://www.transfermarkt.co.uk/thomas-lemar/profil/spieler/205562,https://img.a.transfermarkt.technology/portrait/medium/205562-1686662075.jpg?lm=1,Attacking Midfield,22,65000000,18/19,"['France', 'Guadeloupe']",AS Monaco,Ligue 1,Atlético de Madrid,LaLiga,72000000
51,Rúben Dias,https://www.transfermarkt.co.uk/ruben-dias/profil/spieler/258004,https://img.a.transfermarkt.technology/portrait/medium/258004-1684921271.jpg?lm=1,Centre-Back,23,35000000,20/21,['Portugal'],SL Benfica,Liga NOS,Manchester City,Premier League,71600000
52,Casemiro,https://www.transfermarkt.co.uk/casemiro/profil/spieler/16306,https://img.a.transfermarkt.technology/portrait/medium/16306-1699018876.jpg?lm=1,Defensive Midfield,30,40000000,22/23,"['Brazil', 'Spain']",Real Madrid,LaLiga,Manchester United,Premier League,70650000
53,Dominik Szoboszlai,https://www.transfermarkt.co.uk/dominik-szoboszlai/profil/spieler/451276,https://img.a.transfermarkt.technology/portrait/medium/451276-1700209677.jpg?lm=1,Central Midfield,22,50000000,23/24,['Hungary'],RB Leipzig,Bundesliga,Liverpool FC,Premier League,70000000
54,Mykhaylo Mudryk,https://www.transfermarkt.co.uk/mykhaylo-mudryk/profil/spieler/537860,https://img.a.transfermarkt.technology/portrait/medium/537860-1681908631.jpg?lm=1,Left Winger,22,40000000,22/23,['Ukraine'],Shakhtar Donetsk,Premier Liga,Chelsea FC,Premier League,70000000
55,Alexander Isak,https://www.transfermarkt.co.uk/alexander-isak/profil/spieler/349066,https://img.a.transfermarkt.technology/portrait/medium/349066-1680791339.jpg?lm=1,Centre-Forward,22,30000000,22/23,"['Sweden', 'Eritrea']",Real Sociedad,LaLiga,Newcastle United,Premier League,70000000
56,Rodri,https://www.transfermarkt.co.uk/rodri/profil/spieler/357565,https://img.a.transfermarkt.technology/portrait/medium/357565-1682587890.jpg?lm=1,Defensive Midfield,23,80000000,19/20,['Spain'],Atlético de Madrid,LaLiga,Manchester City,Premier League,70000000
57,Zlatan Ibrahimović,https://www.transfermarkt.co.uk/zlatan-ibrahimovic/profil/spieler/3455,https://img.a.transfermarkt.technology/portrait/medium/3455-1719163454.jpg?lm=1,Centre-Forward,27,45000000,09/10,"['Sweden', 'Bosnia-Herzegovina']",Inter Milan,Serie A,FC Barcelona,LaLiga,69500000
58,Achraf Hakimi,https://www.transfermarkt.co.uk/achraf-hakimi/profil/spieler/398073,https://img.a.transfermarkt.technology/portrait/medium/398073-1672304327.jpg?lm=1,Right-Back,22,60000000,21/22,"['Morocco', 'Spain']",Inter Milan,Serie A,Paris Saint-Germain,Ligue 1,68000000
59,Riyad Mahrez,https://www.transfermarkt.co.uk/riyad-mahrez/profil/spieler/171424,https://img.a.transfermarkt.technology/portrait/medium/171424-1699948752.jpg?lm=1,Right Winger,27,50000000,18/19,"['Algeria', 'France']",Leicester City,Premier League,Manchester City,Premier League,67800000
60,Matthijs de Ligt,https://www.transfermarkt.co.uk/matthijs-de-ligt/profil/spieler/326031,https://img.a.transfermarkt.technology/portrait/medium/326031-1700659567.jpg?lm=1,Centre-Back,22,70000000,22/23,['Netherlands'],Juventus FC,Serie A,Bayern Munich,Bundesliga,67000000
61,Kaká,https://www.transfermarkt.co.uk/kaka/profil/spieler/3366,https://img.a.transfermarkt.technology/portrait/medium/3366-1683638749.jpg?lm=1,Attacking Midfield,27,55000000,09/10,"['Brazil', 'Italy']",AC Milan,Serie A,Real Madrid,LaLiga,67000000
62,Álvaro Morata,https://www.transfermarkt.co.uk/alvaro-morata/profil/spieler/128223,https://img.a.transfermarkt.technology/portrait/medium/128223-1719989301.jpg?lm=1,Centre-Forward,24,40000000,17/18,['Spain'],Real Madrid,LaLiga,Chelsea FC,Premier League,66000000
63,Marc Cucurella,https://www.transfermarkt.co.uk/marc-cucurella/profil/spieler/284857,https://img.a.transfermarkt.technology/portrait/medium/284857-1659559729.jpg?lm=1,Left-Back,24,28000000,22/23,['Spain'],Brighton & Hove Albion,Premier League,Chelsea FC,Premier League,65300000
64,Gonçalo Ramos,https://www.transfermarkt.co.uk/goncalo-ramos/profil/spieler/550550,https://img.a.transfermarkt.technology/portrait/medium/550550-1681906158.jpg?lm=1,Centre-Forward,22,50000000,23/24,['Portugal'],SL Benfica,Liga Portugal,Paris Saint-Germain,Ligue 1,65000000
65,Bruno Fernandes,https://www.transfermarkt.co.uk/bruno-fernandes/profil/spieler/240306,https://img.a.transfermarkt.technology/portrait/medium/240306-1683882766.jpg?lm=1,Attacking Midfield,25,60000000,19/20,['Portugal'],Sporting CP,Liga NOS,Manchester United,Premier League,65000000
66,João Cancelo,https://www.transfermarkt.co.uk/joao-cancelo/profil/spieler/182712,https://img.a.transfermarkt.technology/portrait/medium/182712-1675080937.jpg?lm=1,Right-Back,25,55000000,19/20,['Portugal'],Juventus FC,Serie A,Manchester City,Premier League,65000000
67,Aymeric Laporte,https://www.transfermarkt.co.uk/aymeric-laporte/profil/spieler/176553,https://img.a.transfermarkt.technology/portrait/medium/176553-1685546335.jpg?lm=1,Centre-Back,23,25000000,17/18,"['Spain', 'France']",Athletic Bilbao,LaLiga,Manchester City,Premier League,65000000
68,Edinson Cavani,https://www.transfermarkt.co.uk/edinson-cavani/profil/spieler/48280,https://img.a.transfermarkt.technology/portrait/medium/48280-1619791055.jpg?lm=1,Centre-Forward,26,55000000,13/14,"['Uruguay', 'Italy']",SSC Napoli,Serie A,Paris Saint-Germain,Ligue 1,64500000
69,Dominic Solanke,https://www.transfermarkt.co.uk/dominic-solanke/profil/spieler/258889,https://img.a.transfermarkt.technology/portrait/medium/258889-1708340487.jpg?lm=1,Centre-Forward,26,40000000,24/25,"['England', 'Nigeria']",AFC Bournemouth,Premier League,Tottenham Hotspur,Premier League,64300000
70,Mason Mount,https://www.transfermarkt.co.uk/mason-mount/profil/spieler/346483,https://img.a.transfermarkt.technology/portrait/medium/346483-1683291495.jpg?lm=1,Attacking Midfield,24,60000000,23/24,['England'],Chelsea FC,Premier League,Manchester United,Premier League,64200000
71,Sandro Tonali,https://www.transfermarkt.co.uk/sandro-tonali/profil/spieler/397033,https://img.a.transfermarkt.technology/portrait/medium/397033-1688389270.jpg?lm=1,Defensive Midfield,23,50000000,23/24,['Italy'],AC Milan,Serie A,Newcastle United,Premier League,64000000
72,Christian Pulisic,https://www.transfermarkt.co.uk/christian-pulisic/profil/spieler/315779,https://img.a.transfermarkt.technology/portrait/medium/315779-1691696699.jpg?lm=1,Right Winger,20,50000000,18/19,"['United States', 'Croatia']",Borussia Dortmund,Bundesliga,Chelsea FC,Premier League,64000000
73,Pierre-Emerick Aubameyang,https://www.transfermarkt.co.uk/pierre-emerick-aubameyang/profil/spieler/58864,https://img.a.transfermarkt.technology/portrait/medium/58864-1676029326.png?lm=1,Centre-Forward,28,65000000,17/18,"['Gabon', 'France']",Borussia Dortmund,Bundesliga,Arsenal FC,Premier League,63750000
74,Raheem Sterling,https://www.transfermarkt.co.uk/raheem-sterling/profil/spieler/134425,https://img.a.transfermarkt.technology/portrait/medium/134425-1684165974.jpg?lm=1,Left Winger,20,40000000,15/16,"['England', 'Jamaica']",Liverpool FC,Premier League,Manchester City,Premier League,63700000
75,Luka Jović,https://www.transfermarkt.co.uk/luka-jovic/profil/spieler/257462,https://img.a.transfermarkt.technology/portrait/medium/257462-1657519856.jpg?lm=1,Centre-Forward,21,60000000,19/20,"['Serbia', 'Bosnia-Herzegovina']",Eintracht Frankfurt,Bundesliga,Real Madrid,LaLiga,63000000
76,Ángel Di María,https://www.transfermarkt.co.uk/angel-di-maria/profil/spieler/45320,https://img.a.transfermarkt.technology/portrait/medium/45320-1700648952.jpg?lm=1,Right Winger,27,50000000,15/16,"['Argentina', 'Italy']",Manchester United,Premier League,Paris Saint-Germain,Ligue 1,63000000
77,Alisson,https://www.transfermarkt.co.uk/alisson/profil/spieler/105470,https://img.a.transfermarkt.technology/portrait/medium/105470-1668522221.jpg?lm=1,Goalkeeper,25,60000000,18/19,['Brazil'],AS Roma,Serie A,Liverpool FC,Premier League,62500000
78,Roméo Lavia,https://www.transfermarkt.co.uk/romeo-lavia/profil/spieler/628451,https://img.a.transfermarkt.technology/portrait/medium/628451-1683898478.jpg?lm=1,Defensive Midfield,19,32000000,23/24,['Belgium'],Southampton FC,Championship,Chelsea FC,Premier League,62100000
79,Leny Yoro,https://www.transfermarkt.co.uk/leny-yoro/profil/spieler/923831,https://img.a.transfermarkt.technology/portrait/medium/923831-1701768506.jpg?lm=1,Centre-Back,18,50000000,24/25,"['France', ""Cote d'Ivoire""]",LOSC Lille,Ligue 1,Manchester United,Premier League,62000000
80,Matheus Nunes,https://www.transfermarkt.co.uk/matheus-nunes/profil/spieler/601883,https://img.a.transfermarkt.technology/portrait/medium/601883-1693561106.jpg?lm=1,Central Midfield,25,45000000,23/24,"['Portugal', 'Brazil']",Wolverhampton Wanderers,Premier League,Manchester City,Premier League,62000000
81,Tanguy Ndombélé,https://www.transfermarkt.co.uk/tanguy-ndombele/profil/spieler/450936,https://img.a.transfermarkt.technology/portrait/medium/450936-1561540648.jpg?lm=1,Central Midfield,22,65000000,19/20,"['France', 'DR Congo']",Olympique Lyon,Ligue 1,Tottenham Hotspur,Premier League,62000000
82,Moussa Diaby,https://www.transfermarkt.co.uk/moussa-diaby/profil/spieler/395516,https://img.a.transfermarkt.technology/portrait/medium/395516-1642608355.jpg?lm=1,Right Winger,25,55000000,24/25,"['France', 'Mali']",Aston Villa,Premier League,Al-Ittihad Club,Saudi Pro League,60000000
83,Pedro Neto,https://www.transfermarkt.co.uk/pedro-neto/profil/spieler/487465,https://img.a.transfermarkt.technology/portrait/medium/487465-1709158892.jpg?lm=1,Right Winger,24,55000000,24/25,['Portugal'],Wolverhampton Wanderers,Premier League,Chelsea FC,Premier League,60000000
84,Christopher Nkunku,https://www.transfermarkt.co.uk/christopher-nkunku/profil/spieler/344381,https://img.a.transfermarkt.technology/portrait/medium/344381-1663686834.jpg?lm=1,Attacking Midfield,25,80000000,23/24,"['France', 'DR Congo']",RB Leipzig,Bundesliga,Chelsea FC,Premier League,60000000
85,Manuel Ugarte,https://www.transfermarkt.co.uk/manuel-ugarte/profil/spieler/476701,https://img.a.transfermarkt.technology/portrait/medium/476701-1715107512.jpg?lm=1,Defensive Midfield,22,50000000,23/24,['Uruguay'],Sporting CP,Liga Portugal,Paris Saint-Germain,Ligue 1,60000000
86,Otávio,https://www.transfermarkt.co.uk/otavio/profil/spieler/231289,https://img.a.transfermarkt.technology/portrait/medium/231289-1668697777.jpg?lm=1,Attacking Midfield,28,35000000,23/24,"['Portugal', 'Brazil']",FC Porto,Liga Portugal,Al-Nassr FC,Saudi Pro League,60000000
87,Malcom,https://www.transfermarkt.co.uk/malcom/profil/spieler/323704,https://img.a.transfermarkt.technology/portrait/medium/323704-1697052788.png?lm=1,Right Winger,26,30000000,23/24,"['Brazil', 'Russia']",Zenit St. Petersburg,Premier Liga,Al-Hilal SFC,Saudi Pro League,60000000
88,Jérémy Doku,https://www.transfermarkt.co.uk/jeremy-doku/profil/spieler/486049,https://img.a.transfermarkt.technology/portrait/medium/486049-1666699113.jpg?lm=1,Left Winger,21,28000000,23/24,"['Belgium', 'Ghana']",Stade Rennais FC,Ligue 1,Manchester City,Premier League,60000000
89,Erling Haaland,https://www.transfermarkt.co.uk/erling-haaland/profil/spieler/418560,https://img.a.transfermarkt.technology/portrait/medium/418560-1709108116.png?lm=1,Centre-Forward,21,150000000,22/23,['Norway'],Borussia Dortmund,Bundesliga,Manchester City,Premier League,60000000
90,Miralem Pjanic,https://www.transfermarkt.co.uk/miralem-pjanic/profil/spieler/44162,https://img.a.transfermarkt.technology/portrait/medium/44162-1643282459.png?lm=1,Central Midfield,30,45000000,20/21,"['Bosnia-Herzegovina', 'Luxembourg']",Juventus FC,Serie A,FC Barcelona,LaLiga,60000000
91,Naby Keïta,https://www.transfermarkt.co.uk/naby-keita/profil/spieler/302215,https://img.a.transfermarkt.technology/portrait/medium/302215-1691613796.jpg?lm=1,Central Midfield,23,65000000,18/19,['Guinea'],RB Leipzig,Bundesliga,Liverpool FC,Premier League,60000000
92,Diego Costa,https://www.transfermarkt.co.uk/diego-costa/profil/spieler/44779,https://img.a.transfermarkt.technology/portrait/medium/44779-1453805669.jpg?lm=1,Centre-Forward,29,50000000,17/18,"['Spain', 'Brazil']",Chelsea FC,Premier League,Atlético de Madrid,LaLiga,60000000
93,Oscar,https://www.transfermarkt.co.uk/oscar/profil/spieler/85314,https://img.a.transfermarkt.technology/portrait/medium/85314-1563435929.jpg?lm=1,Attacking Midfield,25,35000000,16/17,"['Brazil', 'Italy']",Chelsea FC,Premier League,Shanghai SIPG,Super League,60000000
94,Anthony Martial,https://www.transfermarkt.co.uk/anthony-martial/profil/spieler/182877,https://img.a.transfermarkt.technology/portrait/medium/182877-1716885173.jpg?lm=1,Centre-Forward,19,8000000,15/16,"['France', 'Guadeloupe']",AS Monaco,Ligue 1,Manchester United,Premier League,60000000
95,Luís Figo,https://www.transfermarkt.co.uk/luis-figo/profil/spieler/3446,https://img.a.transfermarkt.technology/portrait/medium/3446-1570440028.jpg?lm=1,Right Winger,27,-,00/01,['Portugal'],FC Barcelona,LaLiga,Real Madrid,LaLiga,60000000
96,João Neves,https://www.transfermarkt.co.uk/joao-neves/profil/spieler/670681,https://img.a.transfermarkt.technology/portrait/medium/670681-1701295511.jpg?lm=1,Defensive Midfield,19,55000000,24/25,['Portugal'],SL Benfica,Liga Portugal,Paris Saint-Germain,Ligue 1,59920000
97,Amadou Onana,https://www.transfermarkt.co.uk/amadou-onana/profil/spieler/485706,https://img.a.transfermarkt.technology/portrait/medium/485706-1718697649.jpg?lm=1,Defensive Midfield,22,50000000,24/25,"['Belgium', 'Senegal']",Everton FC,Premier League,Aston Villa,Premier League,59350000
98,Fred,https://www.transfermarkt.co.uk/fred/profil/spieler/191614,https://img.a.transfermarkt.technology/portrait/medium/191614-1698609730.png?lm=1,Central Midfield,25,32000000,18/19,['Brazil'],Shakhtar Donetsk,Premier Liga,Manchester United,Premier League,59000000
99,Ben White,https://www.transfermarkt.co.uk/ben-white/profil/spieler/335721,https://img.a.transfermarkt.technology/portrait/medium/335721-1683275943.jpg?lm=1,Right-Back,23,28000000,21/22,['England'],Brighton & Hove Albion,Premier League,Arsenal FC,Premier League,58500000
100,Fernando Torres,https://www.transfermarkt.co.uk/fernando-torres/profil/spieler/7767,https://img.a.transfermarkt.technology/portrait/medium/7767-1683642827.jpg?lm=1,Centre-Forward,26,50000000,10/11,['Spain'],Liverpool FC,Premier League,Chelsea FC,Premier League,58500000
101,Richarlison,https://www.transfermarkt.co.uk/richarlison/profil/spieler/378710,https://img.a.transfermarkt.technology/portrait/medium/378710-1665608231.jpg?lm=1,Centre-Forward,25,48000000,22/23,['Brazil'],Everton FC,Premier League,Tottenham Hotspur,Premier League,58000000
102,Raphinha,https://www.transfermarkt.co.uk/raphinha/profil/spieler/411295,https://img.a.transfermarkt.technology/portrait/medium/411295-1724406375.jpg?lm=1,Right Winger,25,45000000,22/23,"['Brazil', 'Italy']",Leeds United,Premier League,FC Barcelona,LaLiga,58000000
103,Benjamin Mendy,https://www.transfermarkt.co.uk/benjamin-mendy/profil/spieler/157495,https://img.a.transfermarkt.technology/portrait/medium/157495-1598301159.jpg?lm=1,Left-Back,23,13000000,17/18,"['France', 'Senegal']",AS Monaco,Ligue 1,Manchester City,Premier League,57500000
104,Lisandro Martínez,https://www.transfermarkt.co.uk/lisandro-martinez/profil/spieler/480762,https://img.a.transfermarkt.technology/portrait/medium/480762-1680681507.jpg?lm=1,Centre-Back,24,32000000,22/23,['Argentina'],Ajax Amsterdam,Eredivisie,Manchester United,Premier League,57370000
105,Jorginho,https://www.transfermarkt.co.uk/jorginho/profil/spieler/102017,https://img.a.transfermarkt.technology/portrait/medium/102017-1682590896.jpg?lm=1,Defensive Midfield,26,50000000,18/19,"['Italy', 'Brazil']",SSC Napoli,Serie A,Chelsea FC,Premier League,57000000
106,Hernán Crespo,https://www.transfermarkt.co.uk/hernan-crespo/profil/spieler/3410,https://img.a.transfermarkt.technology/portrait/medium/3410-1719458041.jpg?lm=1,Centre-Forward,25,-,00/01,"['Argentina', 'Italy']",AC Parma,Serie A,SS Lazio,Serie A,56810000
107,Raheem Sterling,https://www.transfermarkt.co.uk/raheem-sterling/profil/spieler/134425,https://img.a.transfermarkt.technology/portrait/medium/134425-1684165974.jpg?lm=1,Left Winger,27,70000000,22/23,"['England', 'Jamaica']",Manchester City,Premier League,Chelsea FC,Premier League,56200000
108,Hulk,https://www.transfermarkt.co.uk/hulk/profil/spieler/80562,https://img.a.transfermarkt.technology/portrait/medium/80562-1563436073.jpg?lm=1,Centre-Forward,29,32000000,16/17,['Brazil'],Zenit St. Petersburg,Premier Liga,Shanghai SIPG,Super League,56000000
109,John Stones,https://www.transfermarkt.co.uk/john-stones/profil/spieler/186590,https://img.a.transfermarkt.technology/portrait/medium/186590-1684764261.jpg?lm=1,Centre-Back,22,28000000,16/17,['England'],Everton FC,Premier League,Manchester City,Premier League,55600000
110,Dani Olmo,https://www.transfermarkt.co.uk/dani-olmo/profil/spieler/293385,https://img.a.transfermarkt.technology/portrait/medium/293385-1711546268.jpg?lm=1,Attacking Midfield,26,60000000,24/25,['Spain'],RB Leipzig,Bundesliga,FC Barcelona,LaLiga,55000000
111,Moussa Diaby,https://www.transfermarkt.co.uk/moussa-diaby/profil/spieler/395516,https://img.a.transfermarkt.technology/portrait/medium/395516-1642608355.jpg?lm=1,Right Winger,24,50000000,23/24,"['France', 'Mali']",Bayer 04 Leverkusen,Bundesliga,Aston Villa,Premier League,55000000
112,Rúben Neves,https://www.transfermarkt.co.uk/ruben-neves/profil/spieler/225161,https://img.a.transfermarkt.technology/portrait/medium/225161-1697055253.png?lm=1,Defensive Midfield,26,40000000,23/24,['Portugal'],Wolverhampton Wanderers,Premier League,Al-Hilal SFC,Saudi Pro League,55000000
113,Brennan Johnson,https://www.transfermarkt.co.uk/brennan-johnson/profil/spieler/470607,https://img.a.transfermarkt.technology/portrait/medium/470607-1692959021.jpg?lm=1,Right Winger,22,38000000,23/24,"['Wales', 'England']",Nottingham Forest,Premier League,Tottenham Hotspur,Premier League,55000000
114,Ferran Torres,https://www.transfermarkt.co.uk/ferran-torres/profil/spieler/398184,https://img.a.transfermarkt.technology/portrait/medium/398184-1699383547.jpg?lm=1,Left Winger,21,45000000,21/22,['Spain'],Manchester City,Premier League,FC Barcelona,LaLiga,55000000
115,Aaron Wan-Bissaka,https://www.transfermarkt.co.uk/aaron-wan-bissaka/profil/spieler/477758,https://img.a.transfermarkt.technology/portrait/medium/477758-1617030255.jpg?lm=1,Right-Back,21,35000000,19/20,"['England', 'DR Congo']",Crystal Palace,Premier League,Manchester United,Premier League,55000000
116,Michael Olise,https://www.transfermarkt.co.uk/michael-olise/profil/spieler/566723,https://img.a.transfermarkt.technology/portrait/medium/566723-1696598775.jpg?lm=1,Right Winger,22,55000000,24/25,"['France', 'England']",Crystal Palace,Premier League,Bayern Munich,Bundesliga,53000000
117,Timo Werner,https://www.transfermarkt.co.uk/timo-werner/profil/spieler/170527,https://img.a.transfermarkt.technology/portrait/medium/170527-1663686137.jpg?lm=1,Left Winger,24,64000000,20/21,['Germany'],RB Leipzig,Bundesliga,Chelsea FC,Premier League,53000000
118,Alexandre Lacazette,https://www.transfermarkt.co.uk/alexandre-lacazette/profil/spieler/93720,https://img.a.transfermarkt.technology/portrait/medium/93720-1672830448.jpg?lm=1,Centre-Forward,26,40000000,17/18,"['France', 'Guadeloupe']",Olympique Lyon,Ligue 1,Arsenal FC,Premier League,53000000
119,Gianluigi Buffon,https://www.transfermarkt.co.uk/gianluigi-buffon/profil/spieler/5023,https://img.a.transfermarkt.technology/portrait/medium/5023-1713425275.jpg?lm=1,Goalkeeper,23,-,01/02,['Italy'],AC Parma,Serie A,Juventus FC,Serie A,52880000
120,Kyle Walker,https://www.transfermarkt.co.uk/kyle-walker/profil/spieler/95424,https://img.a.transfermarkt.technology/portrait/medium/95424-1668090663.jpg?lm=1,Right-Back,27,30000000,17/18,['England'],Tottenham Hotspur,Premier League,Manchester City,Premier League,52700000
121,Aleksandar Mitrović,https://www.transfermarkt.co.uk/aleksandar-mitrovic/profil/spieler/51152,https://img.a.transfermarkt.technology/portrait/medium/51152-1697050954.png?lm=1,Centre-Forward,28,28000000,23/24,['Serbia'],Fulham FC,Premier League,Al-Hilal SFC,Saudi Pro League,52600000
122,Gabriel Jesus,https://www.transfermarkt.co.uk/gabriel-jesus/profil/spieler/363205,https://img.a.transfermarkt.technology/portrait/medium/363205-1669711141.jpg?lm=1,Centre-Forward,25,50000000,22/23,['Brazil'],Manchester City,Premier League,Arsenal FC,Premier League,52200000
123,João Félix,https://www.transfermarkt.co.uk/joao-felix/profil/spieler/462250,https://img.a.transfermarkt.technology/portrait/medium/462250-1668165358.jpg?lm=1,Second Striker,24,30000000,24/25,['Portugal'],Atlético de Madrid,LaLiga,Chelsea FC,Premier League,52000000
124,Cristian Romero,https://www.transfermarkt.co.uk/cristian-romero/profil/spieler/355915,https://img.a.transfermarkt.technology/portrait/medium/355915-1665609429.jpg?lm=1,Centre-Back,24,48000000,22/23,['Argentina'],Atalanta BC,Serie A,Tottenham Hotspur,Premier League,52000000
125,Leroy Sané,https://www.transfermarkt.co.uk/leroy-sane/profil/spieler/192565,https://img.a.transfermarkt.technology/portrait/medium/192565-1694587968.jpg?lm=1,Right Winger,20,30000000,16/17,"['Germany', 'France']",FC Schalke 04,Bundesliga,Manchester City,Premier League,52000000
126,Douglas Luiz,https://www.transfermarkt.co.uk/douglas-luiz/profil/spieler/447661,https://img.a.transfermarkt.technology/portrait/medium/447661-1696598670.jpg?lm=1,Central Midfield,26,70000000,24/25,['Brazil'],Aston Villa,Premier League,Juventus FC,Serie A,51500000
127,João Palhinha,https://www.transfermarkt.co.uk/joao-palhinha/profil/spieler/257455,https://img.a.transfermarkt.technology/portrait/medium/257455-1684773447.jpg?lm=1,Defensive Midfield,29,55000000,24/25,['Portugal'],Fulham FC,Premier League,Bayern Munich,Bundesliga,51000000
128,André Onana,https://www.transfermarkt.co.uk/andre-onana/profil/spieler/234509,https://img.a.transfermarkt.technology/portrait/medium/234509-1686929812.jpg?lm=1,Goalkeeper,27,35000000,23/24,['Cameroon'],Inter Milan,Serie A,Manchester United,Premier League,50200000
129,Ben Chilwell,https://www.transfermarkt.co.uk/ben-chilwell/profil/spieler/316125,https://img.a.transfermarkt.technology/portrait/medium/316125-1683899136.jpg?lm=1,Left-Back,23,40000000,20/21,"['England', 'New Zealand']",Leicester City,Premier League,Chelsea FC,Premier League,50200000
130,Désiré Doué,https://www.transfermarkt.co.uk/desire-doue/profil/spieler/914562,https://img.a.transfermarkt.technology/portrait/medium/914562-1667317075.jpg?lm=1,Left Winger,19,30000000,24/25,"['France', ""Cote d'Ivoire""]",Stade Rennais FC,Ligue 1,Paris Saint-Germain,Ligue 1,50000000
131,Min-jae Kim,https://www.transfermarkt.co.uk/min-jae-kim/profil/spieler/503482,https://img.a.transfermarkt.technology/portrait/medium/503482-1700208062.jpg?lm=1,Centre-Back,26,60000000,23/24,"['Korea, South']",SSC Napoli,Serie A,Bayern Munich,Bundesliga,50000000
132,Ousmane Dembélé,https://www.transfermarkt.co.uk/ousmane-dembele/profil/spieler/288230,https://img.a.transfermarkt.technology/portrait/medium/288230-1684148641.jpg?lm=1,Right Winger,26,60000000,23/24,['France'],FC Barcelona,LaLiga,Paris Saint-Germain,Ligue 1,50000000
133,Matheus Cunha,https://www.transfermarkt.co.uk/matheus-cunha/profil/spieler/517894,https://img.a.transfermarkt.technology/portrait/medium/517894-1696599737.jpg?lm=1,Centre-Forward,24,25000000,23/24,['Brazil'],Atlético de Madrid,LaLiga,Wolverhampton Wanderers,Premier League,50000000
134,Jules Koundé,https://www.transfermarkt.co.uk/jules-kounde/profil/spieler/411975,https://img.a.transfermarkt.technology/portrait/medium/411975-1702502639.jpg?lm=1,Right-Back,23,60000000,22/23,"['France', 'Benin']",Sevilla FC,LaLiga,FC Barcelona,LaLiga,50000000
135,Luis Díaz,https://www.transfermarkt.co.uk/luis-diaz/profil/spieler/480692,https://img.a.transfermarkt.technology/portrait/medium/480692-1697903145.jpg?lm=1,Left Winger,25,40000000,21/22,['Colombia'],FC Porto,Liga Portugal,Liverpool FC,Premier League,50000000
136,Mauro Icardi,https://www.transfermarkt.co.uk/mauro-icardi/profil/spieler/68863,https://img.a.transfermarkt.technology/portrait/medium/68863-1671105169.png?lm=1,Centre-Forward,27,60000000,20/21,"['Argentina', 'Italy']",Inter Milan,Serie A,Paris Saint-Germain,Ligue 1,50000000
137,Thomas Partey,https://www.transfermarkt.co.uk/thomas-partey/profil/spieler/230784,https://img.a.transfermarkt.technology/portrait/medium/230784-1668430877.jpg?lm=1,Defensive Midfield,27,40000000,20/21,['Ghana'],Atlético de Madrid,LaLiga,Arsenal FC,Premier League,50000000
138,Éder Militão,https://www.transfermarkt.co.uk/eder-militao/profil/spieler/401530,https://img.a.transfermarkt.technology/portrait/medium/401530-1719653438.jpg?lm=1,Centre-Back,21,50000000,19/20,"['Brazil', 'Spain']",FC Porto,Liga NOS,Real Madrid,LaLiga,50000000
139,Sébastien Haller,https://www.transfermarkt.co.uk/sebastien-haller/profil/spieler/181375,https://img.a.transfermarkt.technology/portrait/medium/181375-1709560699.jpg?lm=1,Centre-Forward,25,40000000,19/20,"[""Cote d'Ivoire"", 'France']",Eintracht Frankfurt,Bundesliga,West Ham United,Premier League,50000000
140,Bernardo Silva,https://www.transfermarkt.co.uk/bernardo-silva/profil/spieler/241641,https://img.a.transfermarkt.technology/portrait/medium/241641-1684311533.jpg?lm=1,Attacking Midfield,22,40000000,17/18,['Portugal'],AS Monaco,Ligue 1,Manchester City,Premier League,50000000
141,Alex Teixeira,https://www.transfermarkt.co.uk/alex-teixeira/profil/spieler/66515,https://img.a.transfermarkt.technology/portrait/medium/66515-1564401694.jpg?lm=1,Left Winger,26,30000000,15/16,['Brazil'],Shakhtar Donetsk,Premier Liga,Jiangsu Suning,Super League,50000000
142,Rafael Leão,https://www.transfermarkt.co.uk/rafael-leao/profil/spieler/357164,https://img.a.transfermarkt.technology/portrait/medium/357164-1661352687.jpg?lm=1,Left Winger,20,15000000,19/20,"['Portugal', 'Angola']",LOSC Lille,Ligue 1,AC Milan,Serie A,49500000
143,David Luiz,https://www.transfermarkt.co.uk/david-luiz/profil/spieler/46741,https://img.a.transfermarkt.technology/portrait/medium/46741-1472656986.jpg?lm=1,Centre-Back,27,26000000,14/15,"['Brazil', 'Portugal']",Chelsea FC,Premier League,Paris Saint-Germain,Ligue 1,49500000
144,Gylfi Sigurdsson,https://www.transfermarkt.co.uk/gylfi-sigurdsson/profil/spieler/90466,https://img.a.transfermarkt.technology/portrait/medium/90466-1462872828.jpg?lm=1,Attacking Midfield,27,25000000,17/18,['Iceland'],Swansea City,Premier League,Everton FC,Premier League,49400000
145,Kalvin Phillips,https://www.transfermarkt.co.uk/kalvin-phillips/profil/spieler/351749,https://img.a.transfermarkt.technology/portrait/medium/351749-1661978510.jpg?lm=1,Defensive Midfield,26,50000000,22/23,"['England', 'Jamaica']",Leeds United,Premier League,Manchester City,Premier League,49000000
146,Leroy Sané,https://www.transfermarkt.co.uk/leroy-sane/profil/spieler/192565,https://img.a.transfermarkt.technology/portrait/medium/192565-1694587968.jpg?lm=1,Right Winger,24,80000000,20/21,"['Germany', 'France']",Manchester City,Premier League,Bayern Munich,Bundesliga,49000000
147,Ferland Mendy,https://www.transfermarkt.co.uk/ferland-mendy/profil/spieler/291417,https://img.a.transfermarkt.technology/portrait/medium/291417-1701294025.jpg?lm=1,Left-Back,24,30000000,19/20,"['France', 'Senegal']",Olympique Lyon,Ligue 1,Real Madrid,LaLiga,48000000
148,Gaizka Mendieta,https://www.transfermarkt.co.uk/gaizka-mendieta/profil/spieler/7603,https://img.a.transfermarkt.technology/portrait/medium/7603-1587979885.jpg?lm=1,Right Midfield,27,-,01/02,['Spain'],Valencia CF,LaLiga,SS Lazio,Serie A,48000000
149,Endrick,https://www.transfermarkt.co.uk/endrick/profil/spieler/971570,https://img.a.transfermarkt.technology/portrait/medium/971570-1723665994.jpg?lm=1,Centre-Forward,18,60000000,24/25,['Brazil'],Sociedade Esportiva Palmeiras,Série A,Real Madrid,LaLiga,47500000
150,Max Kilman,https://www.transfermarkt.co.uk/max-kilman/profil/spieler/525247,https://img.a.transfermarkt.technology/portrait/medium/525247-1688370291.jpg?lm=1,Centre-Back,27,32000000,24/25,"['England', 'Ukraine']",Wolverhampton Wanderers,Premier League,West Ham United,Premier League,47500000
151,Cole Palmer,https://www.transfermarkt.co.uk/cole-palmer/profil/spieler/568177,https://img.a.transfermarkt.technology/portrait/medium/568177-1712320986.jpg?lm=1,Attacking Midfield,21,18000000,23/24,['England'],Manchester City,Premier League,Chelsea FC,Premier League,47000000
152,Mesut Özil,https://www.transfermarkt.co.uk/mesut-ozil/profil/spieler/35664,https://img.a.transfermarkt.technology/portrait/medium/35664-1483519286.jpg?lm=1,Attacking Midfield,24,40000000,13/14,['Germany'],Real Madrid,LaLiga,Arsenal FC,Premier League,47000000
153,Bremer,https://www.transfermarkt.co.uk/bremer/profil/spieler/516716,https://img.a.transfermarkt.technology/portrait/medium/516716-1661269026.jpg?lm=1,Centre-Back,25,35000000,22/23,['Brazil'],Torino FC,Serie A,Juventus FC,Serie A,46900000
154,Georginio Rutter,https://www.transfermarkt.co.uk/georginio-rutter/profil/spieler/538977,https://img.a.transfermarkt.technology/portrait/medium/538977-1639664948.jpg?lm=1,Centre-Forward,22,18000000,24/25,"['France', 'Martinique']",Leeds United,Championship,Brighton & Hove Albion,Premier League,46700000
155,Fabinho,https://www.transfermarkt.co.uk/fabinho/profil/spieler/225693,https://img.a.transfermarkt.technology/portrait/medium/225693-1703282636.png?lm=1,Defensive Midfield,29,42000000,23/24,['Brazil'],Liverpool FC,Premier League,Al-Ittihad Club,Saudi Pro League,46700000
156,Christian Benteke,https://www.transfermarkt.co.uk/christian-benteke/profil/spieler/50201,https://img.a.transfermarkt.technology/portrait/medium/50201-1709490192.jpg?lm=1,Centre-Forward,24,20000000,15/16,"['Belgium', 'DR Congo']",Aston Villa,Premier League,Liverpool FC,Premier League,46500000
157,Christian Vieri,https://www.transfermarkt.co.uk/christian-vieri/profil/spieler/5797,https://img.a.transfermarkt.technology/portrait/medium/5797-1694511290.jpg?lm=1,Centre-Forward,25,-,99/00,"['Italy', 'Australia']",SS Lazio,Serie A,Inter Milan,Serie A,46480000
158,James Maddison,https://www.transfermarkt.co.uk/james-maddison/profil/spieler/294057,https://img.a.transfermarkt.technology/portrait/medium/294057-1687982662.jpg?lm=1,Attacking Midfield,26,60000000,23/24,['England'],Leicester City,Championship,Tottenham Hotspur,Premier League,46300000
159,Rio Ferdinand,https://www.transfermarkt.co.uk/rio-ferdinand/profil/spieler/3235,https://img.a.transfermarkt.technology/portrait/medium/3235-1592469934.jpg?lm=1,Centre-Back,23,-,02/03,['England'],Leeds United,Premier League,Manchester United,Premier League,46000000
160,Anthony Gordon,https://www.transfermarkt.co.uk/anthony-gordon/profil/spieler/503733,https://img.a.transfermarkt.technology/portrait/medium/503733-1660588736.jpg?lm=1,Left Winger,21,40000000,22/23,['England'],Everton FC,Premier League,Newcastle United,Premier League,45600000
161,Nathan Aké,https://www.transfermarkt.co.uk/nathan-ake/profil/spieler/177476,https://img.a.transfermarkt.technology/portrait/medium/177476-1666733797.jpg?lm=1,Centre-Back,25,28000000,20/21,"['Netherlands', ""Cote d'Ivoire""]",AFC Bournemouth,Championship,Manchester City,Premier League,45300000
162,Matthijs de Ligt,https://www.transfermarkt.co.uk/matthijs-de-ligt/profil/spieler/326031,https://img.a.transfermarkt.technology/portrait/medium/326031-1700659567.jpg?lm=1,Centre-Back,25,65000000,24/25,['Netherlands'],Bayern Munich,Bundesliga,Manchester United,Premier League,45000000
163,Riccardo Calafiori,https://www.transfermarkt.co.uk/riccardo-calafiori/profil/spieler/502821,https://img.a.transfermarkt.technology/portrait/medium/502821-1696837967.jpg?lm=1,Centre-Back,22,45000000,24/25,['Italy'],Bologna FC 1909,Serie A,Arsenal FC,Premier League,45000000
164,Lucas Hernández,https://www.transfermarkt.co.uk/lucas-hernandez/profil/spieler/281963,https://img.a.transfermarkt.technology/portrait/medium/281963-1667830435.jpg?lm=1,Left-Back,27,45000000,23/24,"['France', 'Spain']",Bayern Munich,Bundesliga,Paris Saint-Germain,Ligue 1,45000000
165,Marco Verratti,https://www.transfermarkt.co.uk/marco-verratti/profil/spieler/102558,https://img.a.transfermarkt.technology/portrait/medium/102558-1672304218.jpg?lm=1,Central Midfield,30,40000000,23/24,['Italy'],Paris Saint-Germain,Ligue 1,Al-Arabi SC,Stars League,45000000
166,Axel Disasi,https://www.transfermarkt.co.uk/axel-disasi/profil/spieler/386047,https://img.a.transfermarkt.technology/portrait/medium/386047-1614110226.jpg?lm=1,Centre-Back,25,30000000,23/24,"['France', 'DR Congo']",AS Monaco,Ligue 1,Chelsea FC,Premier League,45000000
167,Bradley Barcola,https://www.transfermarkt.co.uk/bradley-barcola/profil/spieler/708265,https://img.a.transfermarkt.technology/portrait/medium/708265-1653406915.jpg?lm=1,Left Winger,21,18000000,23/24,"['France', 'Togo']",Olympique Lyon,Ligue 1,Paris Saint-Germain,Ligue 1,45000000
168,Robert Lewandowski,https://www.transfermarkt.co.uk/robert-lewandowski/profil/spieler/38253,https://img.a.transfermarkt.technology/portrait/medium/38253-1701118759.jpg?lm=1,Centre-Forward,33,45000000,22/23,['Poland'],Bayern Munich,Bundesliga,FC Barcelona,LaLiga,45000000
169,Matheus Nunes,https://www.transfermarkt.co.uk/matheus-nunes/profil/spieler/601883,https://img.a.transfermarkt.technology/portrait/medium/601883-1693561106.jpg?lm=1,Central Midfield,23,35000000,22/23,"['Portugal', 'Brazil']",Sporting CP,Liga Portugal,Wolverhampton Wanderers,Premier League,45000000
170,Hirving Lozano,https://www.transfermarkt.co.uk/hirving-lozano/profil/spieler/316889,https://img.a.transfermarkt.technology/portrait/medium/316889-1661508585.jpg?lm=1,Left Winger,24,40000000,19/20,['Mexico'],PSV Eindhoven,Eredivisie,SSC Napoli,Serie A,45000000
171,Rodrygo,https://www.transfermarkt.co.uk/rodrygo/profil/spieler/412363,https://img.a.transfermarkt.technology/portrait/medium/412363-1693988167.jpg?lm=1,Right Winger,18,40000000,19/20,"['Brazil', 'Spain']",Santos FC,Série A,Real Madrid,LaLiga,45000000
172,Youri Tielemans,https://www.transfermarkt.co.uk/youri-tielemans/profil/spieler/249565,https://img.a.transfermarkt.technology/portrait/medium/249565-1716886438.jpg?lm=1,Central Midfield,22,38000000,19/20,"['Belgium', 'DR Congo']",AS Monaco,Ligue 1,Leicester City,Premier League,45000000
173,Mateo Kovacic,https://www.transfermarkt.co.uk/mateo-kovacic/profil/spieler/51471,https://img.a.transfermarkt.technology/portrait/medium/51471-1682668192.jpg?lm=1,Central Midfield,25,35000000,19/20,['Croatia'],Real Madrid,LaLiga,Chelsea FC,Premier League,45000000
174,Fabinho,https://www.transfermarkt.co.uk/fabinho/profil/spieler/225693,https://img.a.transfermarkt.technology/portrait/medium/225693-1703282636.png?lm=1,Defensive Midfield,24,45000000,18/19,['Brazil'],AS Monaco,Ligue 1,Liverpool FC,Premier League,45000000
175,Vinicius Junior,https://www.transfermarkt.co.uk/vinicius-junior/profil/spieler/371998,https://img.a.transfermarkt.technology/portrait/medium/371998-1664869583.jpg?lm=1,Left Winger,18,35000000,18/19,"['Brazil', 'Spain']",CR Flamengo,Série A,Real Madrid,LaLiga,45000000
176,Granit Xhaka,https://www.transfermarkt.co.uk/granit-xhaka/profil/spieler/111455,https://img.a.transfermarkt.technology/portrait/medium/111455-1689711080.jpg?lm=1,Defensive Midfield,23,35000000,16/17,['Switzerland'],Borussia Mönchengladbach,Bundesliga,Arsenal FC,Premier League,45000000
177,Eliaquim Mangala,https://www.transfermarkt.co.uk/eliaquim-mangala/profil/spieler/90681,https://img.a.transfermarkt.technology/portrait/medium/90681-1465213549.jpg?lm=1,Centre-Back,23,28000000,14/15,"['France', 'Belgium']",FC Porto,Liga NOS,Manchester City,Premier League,45000000
178,James Rodríguez,https://www.transfermarkt.co.uk/james-rodriguez/profil/spieler/88103,https://img.a.transfermarkt.technology/portrait/medium/88103-1720681352.jpg?lm=1,Attacking Midfield,21,23000000,13/14,"['Colombia', 'Spain']",FC Porto,Liga ZON Sagres,AS Monaco,Ligue 1,45000000
179,Ronaldo,https://www.transfermarkt.co.uk/ronaldo/profil/spieler/3140,https://img.a.transfermarkt.technology/portrait/medium/3140-1489417571.jpg?lm=1,Centre-Forward,25,-,02/03,"['Brazil', 'Spain']",Inter Milan,Serie A,Real Madrid,LaLiga,45000000
180,Pavel Nedved,https://www.transfermarkt.co.uk/pavel-nedved/profil/spieler/3603,https://img.a.transfermarkt.technology/portrait/medium/3603-1570438744.jpg?lm=1,Left Midfield,28,-,01/02,"['Czech Republic', 'Italy']",SS Lazio,Serie A,Juventus FC,Serie A,45000000
181,João Mário,https://www.transfermarkt.co.uk/joao-mario/profil/spieler/149729,https://img.a.transfermarkt.technology/portrait/medium/149729-1681390479.jpg?lm=1,Left Winger,23,30000000,16/17,"['Portugal', 'Angola']",Sporting CP,Liga NOS,Inter Milan,Serie A,44780000
182,Juan Mata,https://www.transfermarkt.co.uk/juan-mata/profil/spieler/44068,https://img.a.transfermarkt.technology/portrait/medium/44068-1671102342.png?lm=1,Attacking Midfield,25,38000000,13/14,['Spain'],Chelsea FC,Premier League,Manchester United,Premier League,44730000
183,Diogo Jota,https://www.transfermarkt.co.uk/diogo-jota/profil/spieler/340950,https://img.a.transfermarkt.technology/portrait/medium/340950-1716296423.jpg?lm=1,Left Winger,23,28000000,20/21,['Portugal'],Wolverhampton Wanderers,Premier League,Liverpool FC,Premier League,44700000
184,Nemanja Matic,https://www.transfermarkt.co.uk/nemanja-matic/profil/spieler/74683,https://img.a.transfermarkt.technology/portrait/medium/74683-1655212906.jpg?lm=1,Defensive Midfield,29,35000000,17/18,"['Serbia', 'Slovakia']",Chelsea FC,Premier League,Manchester United,Premier League,44700000
185,Federico Chiesa,https://www.transfermarkt.co.uk/federico-chiesa/profil/spieler/341092,https://img.a.transfermarkt.technology/portrait/medium/341092-1663576975.jpg?lm=1,Left Winger,24,65000000,22/23,['Italy'],ACF Fiorentina,Serie A,Juventus FC,Serie A,44600000
186,Ian Maatsen,https://www.transfermarkt.co.uk/ian-maatsen/profil/spieler/485585,https://img.a.transfermarkt.technology/portrait/medium/485585-1704795222.jpg?lm=1,Left-Back,22,40000000,24/25,"['Netherlands', 'Suriname']",Chelsea FC,Premier League,Aston Villa,Premier League,44500000
187,Nicolás Otamendi,https://www.transfermarkt.co.uk/nicolas-otamendi/profil/spieler/54781,https://img.a.transfermarkt.technology/portrait/medium/54781-1669835534.jpg?lm=1,Centre-Back,27,25000000,15/16,['Argentina'],Valencia CF,LaLiga,Manchester City,Premier League,44500000
188,Enzo Fernández,https://www.transfermarkt.co.uk/enzo-fernandez/profil/spieler/648195,https://img.a.transfermarkt.technology/portrait/medium/648195-1669894717.jpg?lm=1,Central Midfield,21,15000000,22/23,['Argentina'],CA River Plate,Liga Profesional,SL Benfica,Liga Portugal,44250000
189,Harvey Barnes,https://www.transfermarkt.co.uk/harvey-barnes/profil/spieler/398065,https://img.a.transfermarkt.technology/portrait/medium/398065-1700650664.jpg?lm=1,Left Winger,25,35000000,23/24,"['England', 'Scotland']",Leicester City,Championship,Newcastle United,Premier League,44000000
190,Andriy Shevchenko,https://www.transfermarkt.co.uk/andriy-shevchenko/profil/spieler/3522,https://img.a.transfermarkt.technology/portrait/medium/3522-1570438190.jpg?lm=1,Centre-Forward,29,51000000,06/07,['Ukraine'],AC Milan,Serie A,Chelsea FC,Premier League,43880000
191,Joelinton,https://www.transfermarkt.co.uk/joelinton/profil/spieler/333241,https://img.a.transfermarkt.technology/portrait/medium/333241-1674210135.jpg?lm=1,Central Midfield,22,35000000,19/20,['Brazil'],TSG 1899 Hoffenheim,Bundesliga,Newcastle United,Premier League,43500000
192,Mohammed Kudus,https://www.transfermarkt.co.uk/mohammed-kudus/profil/spieler/543499,https://img.a.transfermarkt.technology/portrait/medium/543499-1668429218.jpg?lm=1,Attacking Midfield,23,40000000,23/24,['Ghana'],Ajax Amsterdam,Eredivisie,West Ham United,Premier League,43000000
193,Achraf Hakimi,https://www.transfermarkt.co.uk/achraf-hakimi/profil/spieler/398073,https://img.a.transfermarkt.technology/portrait/medium/398073-1672304327.jpg?lm=1,Right-Back,21,54000000,20/21,"['Morocco', 'Spain']",Real Madrid,LaLiga,Inter Milan,Serie A,43000000
194,Julian Draxler,https://www.transfermarkt.co.uk/julian-draxler/profil/spieler/85148,https://img.a.transfermarkt.technology/portrait/medium/85148-1601898137.jpg?lm=1,Left Winger,21,22000000,15/16,['Germany'],FC Schalke 04,Bundesliga,VfL Wolfsburg,Bundesliga,43000000
195,Radamel Falcao,https://www.transfermarkt.co.uk/radamel-falcao/profil/spieler/39152,https://img.a.transfermarkt.technology/portrait/medium/39152-1721184791.JPG?lm=1,Centre-Forward,27,60000000,13/14,"['Colombia', 'Venezuela']",Atlético de Madrid,LaLiga,AS Monaco,Ligue 1,43000000
196,Robinho,https://www.transfermarkt.co.uk/robinho/profil/spieler/15511,https://img.a.transfermarkt.technology/portrait/medium/15511-1506092397.jpg?lm=1,Left Winger,24,34000000,08/09,"['Brazil', 'Spain']",Real Madrid,LaLiga,Manchester City,Premier League,43000000
197,Lucas Paquetá,https://www.transfermarkt.co.uk/lucas-paqueta/profil/spieler/444523,https://img.a.transfermarkt.technology/portrait/medium/444523-1695370009.jpg?lm=1,Attacking Midfield,25,35000000,22/23,"['Brazil', 'Portugal']",Olympique Lyon,Ligue 1,West Ham United,Premier League,42950000
198,Juan Sebastián Verón,https://www.transfermarkt.co.uk/juan-sebastian-veron/profil/spieler/3143,https://img.a.transfermarkt.technology/portrait/medium/3143-1482941253.jpg?lm=1,Central Midfield,26,-,01/02,"['Argentina', 'Italy']",SS Lazio,Serie A,Manchester United,Premier League,42600000
199,Joshua Zirkzee,https://www.transfermarkt.co.uk/joshua-zirkzee/profil/spieler/435648,https://img.a.transfermarkt.technology/portrait/medium/435648-1651087961.jpg?lm=1,Centre-Forward,23,50000000,24/25,"['Netherlands', 'Nigeria']",Bologna FC 1909,Serie A,Manchester United,Premier League,42500000
200,Dayot Upamecano,https://www.transfermarkt.co.uk/dayot-upamecano/profil/spieler/344695,https://img.a.transfermarkt.technology/portrait/medium/344695-1701245272.jpg?lm=1,Centre-Back,22,60000000,21/22,"['France', 'Guinea-Bissau']",RB Leipzig,Bundesliga,Bayern Munich,Bundesliga,42500000
201,Alexis Sánchez,https://www.transfermarkt.co.uk/alexis-sanchez/profil/spieler/40433,https://img.a.transfermarkt.technology/portrait/medium/40433-1660118147.jpg?lm=1,Centre-Forward,25,30000000,14/15,['Chile'],FC Barcelona,LaLiga,Arsenal FC,Premier League,42500000
202,Bruno Guimarães,https://www.transfermarkt.co.uk/bruno-guimaraes/profil/spieler/520624,https://img.a.transfermarkt.technology/portrait/medium/520624-1668522672.jpg?lm=1,Defensive Midfield,24,30000000,21/22,"['Brazil', 'Spain']",Olympique Lyon,Ligue 1,Newcastle United,Premier League,42100000
203,Conor Gallagher,https://www.transfermarkt.co.uk/conor-gallagher/profil/spieler/488362,https://img.a.transfermarkt.technology/portrait/medium/488362-1668500476.jpg?lm=1,Central Midfield,24,50000000,24/25,"['England', 'Ireland']",Chelsea FC,Premier League,Atlético de Madrid,LaLiga,42000000
204,Alexis Mac Allister,https://www.transfermarkt.co.uk/alexis-mac-allister/profil/spieler/534033,https://img.a.transfermarkt.technology/portrait/medium/534033-1669835342.jpg?lm=1,Central Midfield,24,65000000,23/24,"['Argentina', 'Italy']",Brighton & Hove Albion,Premier League,Liverpool FC,Premier League,42000000
205,Cody Gakpo,https://www.transfermarkt.co.uk/cody-gakpo/profil/spieler/434675,https://img.a.transfermarkt.technology/portrait/medium/434675-1682690965.jpg?lm=1,Left Winger,23,60000000,22/23,"['Netherlands', 'Togo']",PSV Eindhoven,Eredivisie,Liverpool FC,Premier League,42000000
206,Paulinho,https://www.transfermarkt.co.uk/paulinho/profil/spieler/57229,https://img.a.transfermarkt.technology/portrait/medium/57229-1563350348.jpg?lm=1,Central Midfield,30,38000000,18/19,['Brazil'],FC Barcelona,LaLiga,Guangzhou Evergrande Taobao,Super League,42000000
207,Patrik Schick,https://www.transfermarkt.co.uk/patrik-schick/profil/spieler/242086,https://img.a.transfermarkt.technology/portrait/medium/242086-1642606913.jpg?lm=1,Centre-Forward,22,20000000,18/19,['Czech Republic'],UC Sampdoria,Serie A,AS Roma,Serie A,42000000
208,Leonardo Bonucci,https://www.transfermarkt.co.uk/leonardo-bonucci/profil/spieler/39983,https://img.a.transfermarkt.technology/portrait/medium/39983-1693590039.jpg?lm=1,Centre-Back,30,45000000,17/18,['Italy'],Juventus FC,Serie A,AC Milan,Serie A,42000000
209,Mohamed Salah,https://www.transfermarkt.co.uk/mohamed-salah/profil/spieler/148455,https://img.a.transfermarkt.technology/portrait/medium/148455-1700651360.jpg?lm=1,Right Winger,25,35000000,17/18,['Egypt'],AS Roma,Serie A,Liverpool FC,Premier League,42000000
210,Davinson Sánchez,https://www.transfermarkt.co.uk/davinson-sanchez/profil/spieler/341429,https://img.a.transfermarkt.technology/portrait/medium/341429-1464272554.jpg?lm=1,Centre-Back,21,25000000,17/18,['Colombia'],Ajax Amsterdam,Eredivisie,Tottenham Hotspur,Premier League,42000000
211,Henrikh Mkhitaryan,https://www.transfermarkt.co.uk/henrikh-mkhitaryan/profil/spieler/55735,https://img.a.transfermarkt.technology/portrait/medium/55735-1664973670.jpg?lm=1,Central Midfield,27,30000000,16/17,['Armenia'],Borussia Dortmund,Bundesliga,Manchester United,Premier League,42000000
212,Jackson Martínez,https://www.transfermarkt.co.uk/jackson-martinez/profil/spieler/74418,https://img.a.transfermarkt.technology/portrait/medium/74418-1447152748.jpg?lm=1,Centre-Forward,29,30000000,15/16,['Colombia'],Atlético de Madrid,LaLiga,Guangzhou Evergrande Taobao,Super League,42000000
213,Thiago Silva,https://www.transfermarkt.co.uk/thiago-silva/profil/spieler/29241,https://img.a.transfermarkt.technology/portrait/medium/29241-1661856081.jpg?lm=1,Centre-Back,27,38000000,12/13,"['Brazil', 'France']",AC Milan,Serie A,Paris Saint-Germain,Ligue 1,42000000
214,Javier Pastore,https://www.transfermarkt.co.uk/javier-pastore/profil/spieler/55215,https://img.a.transfermarkt.technology/portrait/medium/55215-1596030059.jpg?lm=1,Attacking Midfield,22,21000000,11/12,"['Argentina', 'Italy']",US Palermo,Serie A,Paris Saint-Germain,Ligue 1,42000000
215,Kalidou Koulibaly,https://www.transfermarkt.co.uk/kalidou-koulibaly/profil/spieler/93128,https://img.a.transfermarkt.technology/portrait/medium/93128-1697050549.png?lm=1,Centre-Back,31,35000000,22/23,"['Senegal', 'France']",SSC Napoli,Serie A,Chelsea FC,Premier League,41900000
216,Vitinha,https://www.transfermarkt.co.uk/vitinha/profil/spieler/487469,https://img.a.transfermarkt.technology/portrait/medium/487469-1672303629.jpg?lm=1,Central Midfield,22,30000000,22/23,['Portugal'],FC Porto,Liga Portugal,Paris Saint-Germain,Ligue 1,41500000
217,Malcom,https://www.transfermarkt.co.uk/malcom/profil/spieler/323704,https://img.a.transfermarkt.technology/portrait/medium/323704-1697052788.png?lm=1,Right Winger,22,40000000,19/20,"['Brazil', 'Russia']",FC Barcelona,LaLiga,Zenit St. Petersburg,Premier Liga,41500000
218,Corentin Tolisso,https://www.transfermarkt.co.uk/corentin-tolisso/profil/spieler/190393,https://img.a.transfermarkt.technology/portrait/medium/190393-1672830594.jpg?lm=1,Central Midfield,22,22000000,17/18,"['France', 'Togo']",Olympique Lyon,Ligue 1,Bayern Munich,Bundesliga,41500000
219,Rui Costa,https://www.transfermarkt.co.uk/rui-costa/profil/spieler/3624,https://img.a.transfermarkt.technology/portrait/medium/3624-1603456715.jpg?lm=1,Attacking Midfield,29,-,01/02,['Portugal'],AC Fiorentina,Serie A,AC Milan,Serie A,41320000
220,Archie Gray,https://www.transfermarkt.co.uk/archie-gray/profil/spieler/922693,https://img.a.transfermarkt.technology/portrait/medium/922693-1695108880.jpg?lm=1,Central Midfield,18,18000000,24/25,"['England', 'Scotland']",Leeds United,Championship,Tottenham Hotspur,Premier League,41250000
221,Elliot Anderson,https://www.transfermarkt.co.uk/elliot-anderson/profil/spieler/567576,https://img.a.transfermarkt.technology/portrait/medium/567576-1696453772.jpg?lm=1,Central Midfield,21,15000000,24/25,"['Scotland', 'England']",Newcastle United,Premier League,Nottingham Forest,Premier League,41200000
222,Sadio Mané,https://www.transfermarkt.co.uk/sadio-mane/profil/spieler/200512,https://img.a.transfermarkt.technology/portrait/medium/200512-1667830279.jpg?lm=1,Left Winger,24,20000000,16/17,['Senegal'],Southampton FC,Premier League,Liverpool FC,Premier League,41200000
223,Tammy Abraham,https://www.transfermarkt.co.uk/tammy-abraham/profil/spieler/331726,https://img.a.transfermarkt.technology/portrait/medium/331726-1661352750.jpg?lm=1,Centre-Forward,23,38000000,21/22,"['England', 'Nigeria']",Chelsea FC,Premier League,AS Roma,Serie A,41000000
224,Malcom,https://www.transfermarkt.co.uk/malcom/profil/spieler/323704,https://img.a.transfermarkt.technology/portrait/medium/323704-1697052788.png?lm=1,Right Winger,21,45000000,18/19,"['Brazil', 'Russia']",FC Girondins Bordeaux,Ligue 1,FC Barcelona,LaLiga,41000000
225,Shkodran Mustafi,https://www.transfermarkt.co.uk/shkodran-mustafi/profil/spieler/88590,https://img.a.transfermarkt.technology/portrait/medium/88590-1447247176.jpg?lm=1,Centre-Back,24,20000000,16/17,"['Germany', 'Albania']",Valencia CF,LaLiga,Arsenal FC,Premier League,41000000
226,Paulo Dybala,https://www.transfermarkt.co.uk/paulo-dybala/profil/spieler/206050,https://img.a.transfermarkt.technology/portrait/medium/206050-1641810495.jpg?lm=1,Second Striker,21,28000000,15/16,"['Argentina', 'Italy']",US Palermo,Serie A,Juventus FC,Serie A,41000000
227,Roberto Firmino,https://www.transfermarkt.co.uk/roberto-firmino/profil/spieler/131789,https://img.a.transfermarkt.technology/portrait/medium/131789-1699522816.jpg?lm=1,Centre-Forward,23,25000000,15/16,['Brazil'],TSG 1899 Hoffenheim,Bundesliga,Liverpool FC,Premier League,41000000
228,Andy Carroll,https://www.transfermarkt.co.uk/andy-carroll/profil/spieler/48066,https://img.a.transfermarkt.technology/portrait/medium/48066-1488467838.jpg?lm=1,Centre-Forward,22,2500000,10/11,['England'],Newcastle United,Premier League,Liverpool FC,Premier League,41000000
229,Georginio Rutter,https://www.transfermarkt.co.uk/georginio-rutter/profil/spieler/538977,https://img.a.transfermarkt.technology/portrait/medium/538977-1639664948.jpg?lm=1,Centre-Forward,20,16000000,22/23,"['France', 'Martinique']",TSG 1899 Hoffenheim,Bundesliga,Leeds United,Premier League,40500000
230,João Cancelo,https://www.transfermarkt.co.uk/joao-cancelo/profil/spieler/182712,https://img.a.transfermarkt.technology/portrait/medium/182712-1675080937.jpg?lm=1,Right-Back,24,35000000,18/19,['Portugal'],Valencia CF,LaLiga,Juventus FC,Serie A,40400000
231,Willian Pacho,https://www.transfermarkt.co.uk/willian-pacho/profil/spieler/661171,https://img.a.transfermarkt.technology/portrait/medium/661171-1696508666.jpg?lm=1,Centre-Back,22,35000000,24/25,['Ecuador'],Eintracht Frankfurt,Bundesliga,Paris Saint-Germain,Ligue 1,40000000
232,Sergej Milinković-Savić,https://www.transfermarkt.co.uk/sergej-milinkovic-savic/profil/spieler/266302,https://img.a.transfermarkt.technology/portrait/medium/266302-1697051652.png?lm=1,Central Midfield,28,50000000,23/24,"['Serbia', 'Spain']",SS Lazio,Serie A,Al-Hilal SFC,Saudi Pro League,40000000
233,Jurrien Timber,https://www.transfermarkt.co.uk/jurrien-timber/profil/spieler/420243,https://img.a.transfermarkt.technology/portrait/medium/420243-1702413077.jpg?lm=1,Centre-Back,22,42000000,23/24,"['Netherlands', 'Curacao']",Ajax Amsterdam,Eredivisie,Arsenal FC,Premier League,40000000
234,Vitor Roque,https://www.transfermarkt.co.uk/vitor-roque/profil/spieler/943837,https://img.a.transfermarkt.technology/portrait/medium/943837-1704703716.jpg?lm=1,Centre-Forward,18,40000000,23/24,['Brazil'],Club Athletico Paranaense,Série A,FC Barcelona,LaLiga,40000000
235,Pedro Porro,https://www.transfermarkt.co.uk/pedro-porro/profil/spieler/553875,https://img.a.transfermarkt.technology/portrait/medium/553875-1602774481.jpg?lm=1,Right-Back,23,40000000,23/24,['Spain'],Sporting CP,Liga Portugal,Tottenham Hotspur,Premier League,40000000
236,Loïs Openda,https://www.transfermarkt.co.uk/lois-openda/profil/spieler/368887,https://img.a.transfermarkt.technology/portrait/medium/368887-1713944805.jpg?lm=1,Centre-Forward,23,35000000,23/24,"['Belgium', 'Morocco']",RC Lens,Ligue 1,RB Leipzig,Bundesliga,40000000
237,Ryan Gravenberch,https://www.transfermarkt.co.uk/ryan-gravenberch/profil/spieler/478573,https://img.a.transfermarkt.technology/portrait/medium/478573-1718097194.jpg?lm=1,Central Midfield,21,30000000,23/24,"['Netherlands', 'Suriname']",Bayern Munich,Bundesliga,Liverpool FC,Premier League,40000000
238,Micky van de Ven,https://www.transfermarkt.co.uk/micky-van-de-ven/profil/spieler/557459,https://img.a.transfermarkt.technology/portrait/medium/557459-1657202743.jpg?lm=1,Centre-Back,22,30000000,23/24,['Netherlands'],VfL Wolfsburg,Bundesliga,Tottenham Hotspur,Premier League,40000000
239,Raphaël Varane,https://www.transfermarkt.co.uk/raphael-varane/profil/spieler/164770,https://img.a.transfermarkt.technology/portrait/medium/164770-1668420130.jpg?lm=1,Centre-Back,28,70000000,21/22,"['France', 'Martinique']",Real Madrid,LaLiga,Manchester United,Premier League,40000000
240,Ibrahima Konaté,https://www.transfermarkt.co.uk/ibrahima-konate/profil/spieler/357119,https://img.a.transfermarkt.technology/portrait/medium/357119-1669190550.jpg?lm=1,Centre-Back,22,35000000,21/22,"['France', 'Mali']",RB Leipzig,Bundesliga,Liverpool FC,Premier League,40000000
241,Hakim Ziyech,https://www.transfermarkt.co.uk/hakim-ziyech/profil/spieler/217111,https://img.a.transfermarkt.technology/portrait/medium/217111-1701255091.png?lm=1,Right Winger,27,40000000,20/21,"['Morocco', 'Netherlands']",Ajax Amsterdam,Eredivisie,Chelsea FC,Premier League,40000000
242,Fábio Silva,https://www.transfermarkt.co.uk/fabio-silva/profil/spieler/505653,https://img.a.transfermarkt.technology/portrait/medium/505653-1723794084.png?lm=1,Centre-Forward,18,12000000,20/21,['Portugal'],FC Porto,Liga NOS,Wolverhampton Wanderers,Premier League,40000000
243,Wissam Ben Yedder,https://www.transfermarkt.co.uk/wissam-ben-yedder/profil/spieler/146854,https://img.a.transfermarkt.technology/portrait/medium/146854-1614089939.jpg?lm=1,Centre-Forward,29,40000000,19/20,"['France', 'Tunisia']",Sevilla FC,LaLiga,AS Monaco,Ligue 1,40000000
244,Douglas Costa,https://www.transfermarkt.co.uk/douglas-costa/profil/spieler/75615,https://img.a.transfermarkt.technology/portrait/medium/75615-1678022249.jpg?lm=1,Right Winger,27,55000000,18/19,['Brazil'],Bayern Munich,Bundesliga,Juventus FC,Serie A,40000000
245,Gonçalo Guedes,https://www.transfermarkt.co.uk/goncalo-guedes/profil/spieler/225122,https://img.a.transfermarkt.technology/portrait/medium/225122-1701334424.jpg?lm=1,Left Winger,21,40000000,18/19,['Portugal'],Paris Saint-Germain,Ligue 1,Valencia CF,LaLiga,40000000
246,Leandro Paredes,https://www.transfermarkt.co.uk/leandro-paredes/profil/spieler/166237,https://img.a.transfermarkt.technology/portrait/medium/166237-1692881087.jpg?lm=1,Defensive Midfield,24,25000000,18/19,['Argentina'],Zenit St. Petersburg,Premier Liga,Paris Saint-Germain,Ligue 1,40000000
247,Federico Bernardeschi,https://www.transfermarkt.co.uk/federico-bernardeschi/profil/spieler/197300,https://img.a.transfermarkt.technology/portrait/medium/197300-1712762806.jpg?lm=1,Right Winger,23,30000000,17/18,['Italy'],ACF Fiorentina,Serie A,Juventus FC,Serie A,40000000
248,Cédric Bakambu,https://www.transfermarkt.co.uk/cedric-bakambu/profil/spieler/127048,https://img.a.transfermarkt.technology/portrait/medium/127048-1563441766.jpg?lm=1,Centre-Forward,26,25000000,17/18,"['DR Congo', 'France']",Villarreal CF,LaLiga,Beijing Guoan,Super League,40000000
249,Ederson,https://www.transfermarkt.co.uk/ederson/profil/spieler/238223,https://img.a.transfermarkt.technology/portrait/medium/238223-1713391842.jpg?lm=1,Goalkeeper,23,22000000,17/18,"['Brazil', 'Portugal']",SL Benfica,Liga NOS,Manchester City,Premier League,40000000
250,Tiemoué Bakayoko,https://www.transfermarkt.co.uk/tiemoue-bakayoko/profil/spieler/182618,https://img.a.transfermarkt.technology/portrait/medium/182618-1661350547.jpg?lm=1,Defensive Midfield,22,16000000,17/18,"['France', ""Cote d'Ivoire""]",AS Monaco,Ligue 1,Chelsea FC,Premier League,40000000
